{
  "title": "23618402_adas-attributes",
  "description": "Auto generated JSON schema based on the '23618402_adas-attributes' file",
  "type": "object",
  "properties": {
    "elevation": {
      "type": "array",
      "items": {
        "properties": {
          "elevation": {
            "type": "number"
          },
          "segmentAnchorIndex": {
            "type": "array",
            "items": {}
          },
          "accuracy": {
            "type": "string"
          },
          "signedElevation": {
            "type": "number"
          }
        }
      }
    },
    "linkAccuracy": {
      "type": "array",
      "items": {
        "properties": {
          "linkAccuracy": {
            "type": "number"
          },
          "segmentAnchorIndex": {
            "type": "array",
            "items": {}
          }
        }
      }
    },
    "partitionName": {
      "type": "string"
    },
    "curvatureHeading": {
      "type": "array",
      "items": {
        "properties": {
          "segmentAnchorIndex": {
            "type": "array",
            "items": {}
          },
          "heading": {
            "type": "number"
          },
          "curvature": {
            "type": "number"
          }
        }
      }
    },
    "nodeAnchor": {
      "type": "array",
      "items": {
        "properties": {
          "nodeRef": {
            "type": "object",
            "properties": {
              "identifier": {
                "type": "string"
              },
              "partitionName": {
                "type": "string"
              }
            }
          }
        }
      }
    },
    "slope": {
      "type": "array",
      "items": {
        "properties": {
          "segmentAnchorIndex": {
            "type": "array",
            "items": {}
          },
          "accuracy": {
            "type": "string"
          },
          "slope": {
            "type": "number"
          }
        }
      }
    },
    "segmentAnchor": {
      "type": "array",
      "items": {
        "properties": {
          "attributeOrientation": {
            "type": "string"
          },
          "lastSegmentEndOffset": {
            "type": "number"
          },
          "orientedSegmentRef": {
            "type": "array",
            "items": {
              "properties": {
                "segmentRef": {
                  "type": "object",
                  "properties": {
                    "identifier": {
                      "type": "string"
                    },
                    "partitionName": {
                      "type": "string"
                    }
                  }
                }
              }
            }
          }
        }
      }
    },
    "builtUpAreaRoad": {
      "type": "array",
      "items": {
        "properties": {
          "segmentAnchorIndex": {
            "type": "array",
            "items": {}
          },
          "builtUpAreaRoadVerified": {
            "type": "boolean"
          }
        }
      }
    }
  }
}