{
  "title": "23618402_advanced-navigation-attributes",
  "description": "Auto generated JSON schema based on the '23618402_advanced-navigation-attributes' file",
  "type": "object",
  "properties": {
    "partitionName": {
      "type": "string"
    },
    "trafficSign": {
      "type": "array",
      "items": {
        "properties": {
          "duration": {
            "type": "object"
          },
          "segmentAnchorIndex": {
            "type": "array",
            "items": {}
          },
          "validityTime": {
            "type": "object"
          },
          "trafficSignValue": {
            "type": "object"
          },
          "trafficSignCategory": {
            "type": "string"
          },
          "preWarning": {
            "type": "object"
          },
          "trafficSignType": {
            "type": "string"
          }
        }
      }
    },
    "specialSpeedSituation": {
      "type": "array",
      "items": {
        "properties": {
          "segmentAnchorIndex": {
            "type": "array",
            "items": {}
          },
          "specialSpeedType": {
            "type": "string"
          }
        }
      }
    },
    "speedLimit": {
      "type": "array",
      "items": {
        "properties": {
          "segmentAnchorIndex": {
            "type": "array",
            "items": {}
          },
          "source": {
            "type": "string"
          },
          "value": {
            "type": "number"
          }
        }
      }
    },
    "railwayCrossing": {
      "type": "array",
      "items": {
        "properties": {
          "segmentAnchorIndex": {
            "type": "array",
            "items": {}
          },
          "crossingType": {
            "type": "string"
          }
        }
      }
    },
    "overtakingRestriction": {
      "type": "array",
      "items": {
        "properties": {
          "segmentAnchorIndex": {
            "type": "array",
            "items": {}
          },
          "appliesTo": {
            "type": "object",
            "properties": {
              "trucks": {
                "type": "boolean"
              },
              "deliveries": {
                "type": "boolean"
              }
            }
          }
        }
      }
    },
    "trafficSignal": {
      "type": "array",
      "items": {
        "properties": {
          "segmentAnchorIndex": {
            "type": "array",
            "items": {}
          }
        }
      }
    },
    "variableSpeedSign": {
      "type": "array",
      "items": {
        "properties": {
          "segmentAnchorIndex": {
            "type": "array",
            "items": {}
          },
          "variableSpeedSignId": {
            "type": "number"
          },
          "signLocation": {
            "type": "string"
          }
        }
      }
    },
    "segmentAnchor": {
      "type": "array",
      "items": {
        "properties": {
          "attributeOrientation": {
            "type": "string"
          },
          "lastSegmentEndOffset": {
            "type": "number"
          },
          "orientedSegmentRef": {
            "type": "array",
            "items": {
              "properties": {
                "segmentRef": {
                  "type": "object",
                  "properties": {
                    "identifier": {
                      "type": "string"
                    },
                    "partitionName": {
                      "type": "string"
                    }
                  }
                }
              }
            }
          }
        }
      }
    },
    "variableSpeedLimit": {
      "type": "array",
      "items": {
        "properties": {
          "segmentAnchorIndex": {
            "type": "array",
            "items": {}
          },
          "variableSpeedSignId": {
            "type": "number"
          }
        }
      }
    }
  }
}