{
  "title": "23618402_complex-road-attributes",
  "description": "Auto generated JSON schema based on the '23618402_complex-road-attributes' file",
  "type": "object",
  "properties": {
    "partitionName": {
      "type": "string"
    },
    "nodeAnchor": {
      "type": "array",
      "items": {
        "properties": {
          "nodeRef": {
            "type": "object",
            "properties": {
              "identifier": {
                "type": "string"
              },
              "partitionName": {
                "type": "string"
              }
            }
          }
        }
      }
    },
    "complexRoadAttribute": {
      "type": "array",
      "items": {
        "properties": {
          "identifier": {
            "type": "string"
          },
          "segmentAnchorIndex": {
            "type": "array",
            "items": {}
          },
          "startComplexIntersectionRef": {
            "type": "object",
            "properties": {
              "identifier": {
                "type": "string"
              }
            }
          },
          "endComplexIntersectionRef": {
            "type": "object",
            "properties": {
              "identifier": {
                "type": "string"
              }
            }
          }
        }
      }
    },
    "complexIntersectionAttribute": {
      "type": "array",
      "items": {
        "properties": {
          "identifier": {
            "type": "string"
          },
          "segmentAnchorIndex": {
            "type": "array",
            "items": {}
          },
          "nodeAnchorIndex": {
            "type": "array",
            "items": {}
          }
        }
      }
    },
    "segmentAnchor": {
      "type": "array",
      "items": {
        "properties": {
          "attributeOrientation": {
            "type": "string"
          },
          "lastSegmentEndOffset": {
            "type": "number"
          },
          "orientedSegmentRef": {
            "type": "array",
            "items": {
              "properties": {
                "segmentRef": {
                  "type": "object",
                  "properties": {
                    "identifier": {
                      "type": "string"
                    },
                    "partitionName": {
                      "type": "string"
                    }
                  }
                }
              }
            }
          }
        }
      }
    },
    "complexObjectAttribute": {
      "type": "array",
      "items": {
        "properties": {
          "identifier": {
            "type": "string"
          },
          "segmentAnchorIndex": {
            "type": "array",
            "items": {}
          },
          "anchorPoint": {
            "type": "object",
            "properties": {
              "latitude": {
                "type": "number"
              },
              "longitude": {
                "type": "number"
              }
            }
          },
          "validUnnamed": {
            "type": "boolean"
          }
        }
      }
    }
  }
}