{
  "title": "23618402_enhanced-buildings",
  "description": "Auto generated JSON schema based on the '23618402_enhanced-buildings' file",
  "type": "object",
  "properties": {
    "addressPointsAssociatedWithBuildings": {
      "type": "array",
      "items": {
        "properties": {
          "confidenceScore": {
            "type": "string"
          }
        }
      }
    },
    "tenantSpacesWithinBuildings": {
      "type": "array",
      "items": {
        "properties": {
          "buildingRefIndex": {
            "type": "number"
          },
          "confidenceScore": {
            "type": "string"
          }
        }
      }
    },
    "partitionName": {
      "type": "string"
    },
    "addressRefs": {
      "type": "array",
      "items": {
        "properties": {
          "identifier": {
            "type": "string"
          }
        }
      }
    },
    "tenantSpaces": {
      "type": "array",
      "items": {
        "properties": {
          "identifier": {
            "type": "string"
          },
          "labelPoint": {
            "type": "object",
            "properties": {
              "latitude": {
                "type": "number"
              },
              "longitude": {
                "type": "number"
              }
            }
          },
          "level": {
            "type": "number"
          },
          "geometry": {
            "type": "object",
            "properties": {
              "multiPolygon": {
                "type": "object",
                "properties": {
                  "polygon": {
                    "type": "array",
                    "items": {
                      "properties": {
                        "exteriorRing": {
                          "type": "object",
                          "properties": {
                            "point": {
                              "type": "array",
                              "items": {
                                "properties": {
                                  "latitude": {
                                    "type": "number"
                                  },
                                  "longitude": {
                                    "type": "number"
                                  }
                                }
                              }
                            }
                          }
                        }
                      }
                    }
                  }
                }
              }
            }
          }
        }
      }
    },
    "placeRefs": {
      "type": "array",
      "items": {
        "properties": {
          "identifier": {
            "type": "string"
          }
        }
      }
    },
    "buildings": {
      "type": "array",
      "items": {
        "properties": {
          "identifier": {
            "type": "string"
          },
          "buildingFootprintLocRef": {
            "type": "object",
            "properties": {
              "identifier": {
                "type": "string"
              },
              "partitionName": {
                "type": "string"
              }
            }
          }
        }
      }
    },
    "placesAssociatedWithTenantSpaces": {
      "type": "array",
      "items": {
        "properties": {
          "confidenceScore": {
            "type": "string"
          },
          "placeRefIndex": {
            "type": "number"
          }
        }
      }
    },
    "placesAssociatedWithBuildings": {
      "type": "array",
      "items": {
        "properties": {
          "confidenceScore": {
            "type": "string"
          }
        }
      }
    }
  }
}