{
  "title": "23618402_here-places",
  "description": "Auto generated JSON schema based on the '23618402_here-places' file",
  "type": "object",
  "properties": {
    "verificationAttribute": {
      "type": "array",
      "items": {
        "properties": {
          "placeIndex": {
            "type": "array",
            "items": {}
          },
          "verification": {
            "type": "array",
            "items": {
              "properties": {
                "system": {
                  "type": "string"
                },
                "method": {
                  "type": "string"
                },
                "endDate": {
                  "type": "string"
                },
                "verified": {
                  "type": "string"
                },
                "type": {
                  "type": "string"
                },
                "status": {
                  "type": "string"
                }
              }
            }
          }
        }
      }
    },
    "basicInfoAttribute": {
      "type": "array",
      "items": {
        "properties": {
          "capitalLevel": {
            "type": "string"
          },
          "capitalIndicator": {
            "type": "string"
          },
          "placeIndex": {
            "type": "array",
            "items": {}
          },
          "population": {
            "type": "string"
          }
        }
      }
    },
    "address": {
      "type": "array",
      "items": {
        "properties": {
          "countryCode": {
            "type": "object",
            "properties": {
              "officialCountryCode": {
                "type": "string"
              }
            }
          },
          "postalCode": {
            "type": "array",
            "items": {
              "properties": {
                "text": {
                  "type": "object",
                  "properties": {
                    "value": {
                      "type": "string"
                    }
                  }
                }
              }
            }
          }
        }
      }
    },
    "alcoholServiceAttribute": {
      "type": "array",
      "items": {
        "properties": {
          "placeIndex": {
            "type": "array",
            "items": {}
          }
        }
      }
    },
    "operatingTime": {
      "type": "array",
      "items": {
        "properties": {
          "placeIndex": {
            "type": "array",
            "items": {}
          },
          "operatingTime": {
            "type": "array",
            "items": {
              "properties": {
                "daysOfWeek": {
                  "type": "object",
                  "properties": {
                    "dayOfWeek": {
                      "type": "array",
                      "items": {}
                    }
                  }
                },
                "timeRange": {
                  "type": "object",
                  "properties": {
                    "endTimeOfDay": {
                      "type": "string"
                    },
                    "startTimeOfDay": {
                      "type": "string"
                    }
                  }
                }
              }
            }
          }
        }
      }
    },
    "relationshipAttribute": {
      "type": "array",
      "items": {
        "properties": {
          "placeIndex": {
            "type": "array",
            "items": {}
          },
          "relationship": {
            "type": "array",
            "items": {
              "properties": {
                "reference": {
                  "type": "array",
                  "items": {
                    "properties": {
                      "referenceId": {
                        "type": "object",
                        "properties": {
                          "type": {
                            "type": "string"
                          },
                          "value": {
                            "type": "string"
                          }
                        }
                      }
                    }
                  }
                },
                "system": {
                  "type": "string"
                },
                "name": {
                  "type": "string"
                },
                "type": {
                  "type": "string"
                }
              }
            }
          }
        }
      }
    },
    "otherInformation": {
      "type": "array",
      "items": {
        "properties": {
          "placeIndex": {
            "type": "array",
            "items": {}
          },
          "category": {
            "type": "object",
            "properties": {
              "identifier": {
                "type": "string"
              },
              "partitionName": {
                "type": "string"
              }
            }
          }
        }
      }
    },
    "matchLevelAttribute": {
      "type": "array",
      "items": {
        "properties": {
          "placeIndex": {
            "type": "array",
            "items": {}
          }
        }
      }
    },
    "hotelAttribute": {
      "type": "array",
      "items": {
        "properties": {
          "placeIndex": {
            "type": "array",
            "items": {}
          }
        }
      }
    },
    "placeAccessAttribute": {
      "type": "array",
      "items": {
        "properties": {
          "placeIndex": {
            "type": "array",
            "items": {}
          }
        }
      }
    },
    "partitionName": {
      "type": "string"
    },
    "contactInformation": {
      "type": "array",
      "items": {
        "properties": {
          "contactInfo": {
            "type": "array",
            "items": {
              "properties": {
                "type": {
                  "type": "string"
                },
                "value": {
                  "type": "string"
                }
              }
            }
          },
          "placeIndex": {
            "type": "array",
            "items": {}
          }
        }
      }
    },
    "amenitiesAttribute": {
      "type": "array",
      "items": {
        "properties": {
          "placeIndex": {
            "type": "array",
            "items": {}
          }
        }
      }
    },
    "supplier": {
      "type": "array",
      "items": {
        "properties": {
          "identifier": {
            "type": "string"
          },
          "name": {
            "type": "array",
            "items": {
              "properties": {
                "text": {
                  "type": "object",
                  "properties": {
                    "value": {
                      "type": "string"
                    }
                  }
                }
              }
            }
          },
          "category": {
            "type": "object",
            "properties": {
              "identifier": {
                "type": "string"
              },
              "partitionName": {
                "type": "string"
              }
            }
          }
        }
      }
    },
    "qualityScore": {
      "type": "array",
      "items": {
        "properties": {
          "realityConfidence": {
            "type": "string"
          },
          "realityQualityLevel": {
            "type": "string"
          },
          "openConfidence": {
            "type": "string"
          },
          "placeQualityLevel": {
            "type": "string"
          },
          "modelVersion": {
            "type": "string"
          },
          "placeIndex": {
            "type": "array",
            "items": {}
          },
          "addressQualityLevel": {
            "type": "string"
          },
          "phoneConfidence": {
            "type": "string"
          },
          "openQualityLevel": {
            "type": "string"
          },
          "placeConfidence": {
            "type": "string"
          },
          "addressConfidence": {
            "type": "string"
          },
          "nameQualityLevel": {
            "type": "string"
          },
          "nameConfidence": {
            "type": "string"
          },
          "phoneQualityLevel": {
            "type": "string"
          },
          "overallConfidence": {
            "type": "string"
          }
        }
      }
    },
    "externalIdentifier": {
      "type": "array",
      "items": {
        "properties": {
          "placeIndex": {
            "type": "array",
            "items": {}
          },
          "externalIdentifier": {
            "type": "string"
          },
          "supplierIndex": {
            "type": "number"
          },
          "category": {
            "type": "object",
            "properties": {
              "identifier": {
                "type": "string"
              },
              "partitionName": {
                "type": "string"
              }
            }
          },
          "type": {
            "type": "string"
          }
        }
      }
    },
    "payment": {
      "type": "array",
      "items": {
        "properties": {
          "placeIndex": {
            "type": "array",
            "items": {}
          },
          "typeQualifier": {
            "type": "array",
            "items": {}
          },
          "paymentType": {
            "type": "string"
          }
        }
      }
    },
    "location": {
      "type": "array",
      "items": {
        "properties": {
          "identifier": {
            "type": "string"
          },
          "addressRelation": {
            "type": "string"
          },
          "segmentAnchorSide": {
            "type": "string"
          },
          "locationType": {
            "type": "string"
          },
          "addressIndex": {
            "type": "number"
          },
          "displayPosition": {
            "type": "object",
            "properties": {
              "latitude": {
                "type": "number"
              },
              "longitude": {
                "type": "number"
              }
            }
          },
          "segmentAnchor": {
            "type": "object",
            "properties": {
              "attributeOrientation": {
                "type": "string"
              },
              "lastSegmentEndOffset": {
                "type": "number"
              },
              "firstSegmentStartOffset": {
                "type": "number"
              },
              "orientedSegmentRef": {
                "type": "array",
                "items": {
                  "properties": {
                    "segmentRef": {
                      "type": "object",
                      "properties": {
                        "identifier": {
                          "type": "string"
                        },
                        "partitionName": {
                          "type": "string"
                        }
                      }
                    }
                  }
                }
              }
            }
          }
        }
      }
    },
    "place": {
      "type": "array",
      "items": {
        "properties": {
          "identifier": {
            "type": "string"
          },
          "locationRef": {
            "type": "object",
            "properties": {
              "identifier": {
                "type": "string"
              },
              "partitionName": {
                "type": "string"
              }
            }
          },
          "name": {
            "type": "array",
            "items": {
              "properties": {
                "nameType": {
                  "type": "string"
                },
                "text": {
                  "type": "object",
                  "properties": {
                    "language": {
                      "type": "string"
                    },
                    "value": {
                      "type": "string"
                    }
                  }
                },
                "representation": {
                  "type": "array",
                  "items": {
                    "properties": {
                      "representationType": {
                        "type": "string"
                      },
                      "representation": {
                        "type": "object",
                        "properties": {
                          "language": {
                            "type": "string"
                          },
                          "value": {
                            "type": "string"
                          }
                        }
                      },
                      "preferred": {
                        "type": "boolean"
                      }
                    }
                  }
                },
                "primary": {
                  "type": "boolean"
                }
              }
            }
          },
          "category": {
            "type": "array",
            "items": {
              "properties": {
                "identifier": {
                  "type": "string"
                },
                "partitionName": {
                  "type": "string"
                }
              }
            }
          }
        }
      }
    },
    "mediaReferenceAttribute": {
      "type": "array",
      "items": {
        "properties": {
          "mediaReference": {
            "type": "array",
            "items": {
              "properties": {
                "type": {
                  "type": "string"
                },
                "url": {
                  "type": "string"
                }
              }
            }
          },
          "placeIndex": {
            "type": "array",
            "items": {}
          }
        }
      }
    },
    "restaurantAttribute": {
      "type": "array",
      "items": {
        "properties": {
          "placeIndex": {
            "type": "array",
            "items": {}
          }
        }
      }
    },
    "priceRange": {
      "type": "array",
      "items": {
        "properties": {
          "placeIndex": {
            "type": "array",
            "items": {}
          },
          "qualifier": {
            "type": "array",
            "items": {
              "properties": {
                "language": {
                  "type": "string"
                },
                "value": {
                  "type": "string"
                }
              }
            }
          }
        }
      }
    }
  }
}