{
  "title": "23618402_here-places-essential-map",
  "description": "Auto generated JSON schema based on the '23618402_here-places-essential-map' file",
  "type": "object",
  "properties": {
    "partitionName": {
      "type": "string"
    },
    "contactInformation": {
      "type": "array",
      "items": {
        "properties": {
          "contactInfo": {
            "type": "array",
            "items": {
              "properties": {
                "type": {
                  "type": "string"
                },
                "category": {
                  "type": "object",
                  "properties": {
                    "identifier": {
                      "type": "string"
                    },
                    "partitionName": {
                      "type": "string"
                    }
                  }
                },
                "value": {
                  "type": "string"
                }
              }
            }
          },
          "placeIndex": {
            "type": "array",
            "items": {}
          }
        }
      }
    },
    "address": {
      "type": "array",
      "items": {
        "properties": {
          "countryCode": {
            "type": "object",
            "properties": {
              "officialCountryCode": {
                "type": "string"
              }
            }
          },
          "postalCode": {
            "type": "array",
            "items": {
              "properties": {
                "text": {
                  "type": "object",
                  "properties": {
                    "value": {
                      "type": "string"
                    }
                  }
                }
              }
            }
          }
        }
      }
    },
    "supplier": {
      "type": "array",
      "items": {
        "properties": {
          "identifier": {
            "type": "string"
          },
          "name": {
            "type": "array",
            "items": {
              "properties": {
                "text": {
                  "type": "object",
                  "properties": {
                    "value": {
                      "type": "string"
                    }
                  }
                }
              }
            }
          },
          "category": {
            "type": "object",
            "properties": {
              "identifier": {
                "type": "string"
              },
              "partitionName": {
                "type": "string"
              }
            }
          }
        }
      }
    },
    "externalIdentifier": {
      "type": "array",
      "items": {
        "properties": {
          "placeIndex": {
            "type": "array",
            "items": {}
          },
          "externalIdentifier": {
            "type": "string"
          },
          "supplierIndex": {
            "type": "number"
          },
          "type": {
            "type": "string"
          }
        }
      }
    },
    "location": {
      "type": "array",
      "items": {
        "properties": {
          "identifier": {
            "type": "string"
          },
          "addressRelation": {
            "type": "string"
          },
          "segmentAnchorSide": {
            "type": "string"
          },
          "locationType": {
            "type": "string"
          },
          "addressIndex": {
            "type": "number"
          },
          "displayPosition": {
            "type": "object",
            "properties": {
              "latitude": {
                "type": "number"
              },
              "longitude": {
                "type": "number"
              }
            }
          },
          "segmentAnchor": {
            "type": "object",
            "properties": {
              "attributeOrientation": {
                "type": "string"
              },
              "lastSegmentEndOffset": {
                "type": "number"
              },
              "firstSegmentStartOffset": {
                "type": "number"
              },
              "orientedSegmentRef": {
                "type": "array",
                "items": {
                  "properties": {
                    "segmentRef": {
                      "type": "object",
                      "properties": {
                        "identifier": {
                          "type": "string"
                        },
                        "partitionName": {
                          "type": "string"
                        }
                      }
                    }
                  }
                }
              }
            }
          }
        }
      }
    },
    "place": {
      "type": "array",
      "items": {
        "properties": {
          "identifier": {
            "type": "string"
          },
          "locationRef": {
            "type": "object",
            "properties": {
              "identifier": {
                "type": "string"
              },
              "partitionName": {
                "type": "string"
              }
            }
          },
          "altCategory": {
            "type": "array",
            "items": {
              "properties": {
                "identifier": {
                  "type": "string"
                },
                "partitionName": {
                  "type": "string"
                }
              }
            }
          },
          "name": {
            "type": "array",
            "items": {
              "properties": {
                "nameType": {
                  "type": "string"
                },
                "text": {
                  "type": "object",
                  "properties": {
                    "language": {
                      "type": "string"
                    },
                    "value": {
                      "type": "string"
                    }
                  }
                },
                "primary": {
                  "type": "boolean"
                }
              }
            }
          },
          "category": {
            "type": "array",
            "items": {
              "properties": {
                "identifier": {
                  "type": "string"
                },
                "partitionName": {
                  "type": "string"
                }
              }
            }
          }
        }
      }
    },
    "relationshipAttribute": {
      "type": "array",
      "items": {
        "properties": {
          "placeIndex": {
            "type": "array",
            "items": {}
          },
          "relationship": {
            "type": "array",
            "items": {
              "properties": {
                "reference": {
                  "type": "array",
                  "items": {
                    "properties": {
                      "referenceId": {
                        "type": "object",
                        "properties": {
                          "type": {
                            "type": "string"
                          },
                          "value": {
                            "type": "string"
                          }
                        }
                      }
                    }
                  }
                },
                "system": {
                  "type": "string"
                },
                "name": {
                  "type": "string"
                },
                "type": {
                  "type": "string"
                }
              }
            }
          }
        }
      }
    },
    "matchLevelAttribute": {
      "type": "array",
      "items": {
        "properties": {
          "matchLevel": {
            "type": "string"
          },
          "placeIndex": {
            "type": "array",
            "items": {}
          }
        }
      }
    }
  }
}