{
  "title": "23618402_landmarks-3d",
  "description": "Auto generated JSON schema based on the '23618402_landmarks-3d' file",
  "type": "object",
  "properties": {
    "partitionName": {
      "type": "string"
    },
    "landmark": {
      "type": "array",
      "items": {
        "properties": {
          "cartoId": {
            "type": "string"
          },
          "anchorPoint": {
            "type": "object",
            "properties": {
              "latitude": {
                "type": "number"
              },
              "longitude": {
                "type": "number"
              }
            }
          },
          "city": {
            "type": "string"
          },
          "name": {
            "type": "object",
            "properties": {
              "text": {
                "type": "object",
                "properties": {
                  "value": {
                    "type": "string"
                  }
                }
              }
            }
          },
          "buildingRef": {
            "type": "object",
            "properties": {
              "identifier": {
                "type": "string"
              },
              "partitionName": {
                "type": "string"
              }
            }
          },
          "landmarkIdentifier": {
            "type": "string"
          }
        }
      }
    }
  }
}