{
  "title": "23618402_navigation-attributes",
  "description": "Auto generated JSON schema based on the '23618402_navigation-attributes' file",
  "type": "object",
  "properties": {
    "physicalLaneCount": {
      "type": "array",
      "items": {
        "properties": {
          "segmentAnchorIndex": {
            "type": "array",
            "items": {}
          },
          "laneCount": {
            "type": "number"
          }
        }
      }
    },
    "roadUsage": {
      "type": "array",
      "items": {
        "properties": {
          "segmentAnchorIndex": {
            "type": "array",
            "items": {}
          },
          "fourWheelDrive": {
            "type": "boolean"
          }
        }
      }
    },
    "localRoad": {
      "type": "array",
      "items": {
        "properties": {
          "segmentAnchorIndex": {
            "type": "array",
            "items": {}
          }
        }
      }
    },
    "usageFeeRequired": {
      "type": "array",
      "items": {
        "properties": {
          "segmentAnchorIndex": {
            "type": "array",
            "items": {}
          },
          "usageFeeRequired": {
            "type": "object",
            "properties": {
              "identifier": {
                "type": "string"
              },
              "tollSystemId": {
                "type": "number"
              },
              "tollFeatureType": {
                "type": "string"
              },
              "appliesTo": {
                "type": "object",
                "properties": {
                  "trucks": {
                    "type": "boolean"
                  }
                }
              },
              "tollSystemName": {
                "type": "string"
              }
            }
          }
        }
      }
    },
    "speedCategory": {
      "type": "array",
      "items": {
        "properties": {
          "segmentAnchorIndex": {
            "type": "array",
            "items": {}
          },
          "speedCategory": {
            "type": "string"
          }
        }
      }
    },
    "travelDirection": {
      "type": "array",
      "items": {
        "properties": {
          "segmentAnchorIndex": {
            "type": "array",
            "items": {}
          }
        }
      }
    },
    "constructionStatus": {
      "type": "array",
      "items": {
        "properties": {
          "segmentAnchorIndex": {
            "type": "array",
            "items": {}
          },
          "appliesDuring": {
            "type": "array",
            "items": {
              "properties": {
                "dateRange": {
                  "type": "object",
                  "properties": {
                    "start": {
                      "type": "string"
                    },
                    "end": {
                      "type": "string"
                    }
                  }
                },
                "timeRange": {
                  "type": "object",
                  "properties": {
                    "endTimeOfDay": {
                      "type": "string"
                    },
                    "startTimeOfDay": {
                      "type": "string"
                    }
                  }
                }
              }
            }
          },
          "appliesTo": {
            "type": "object",
            "properties": {
              "carpools": {
                "type": "boolean"
              },
              "buses": {
                "type": "boolean"
              },
              "taxis": {
                "type": "boolean"
              },
              "throughTraffic": {
                "type": "boolean"
              },
              "automobiles": {
                "type": "boolean"
              },
              "emergencyVehicles": {
                "type": "boolean"
              },
              "pedestrians": {
                "type": "boolean"
              },
              "motorcycles": {
                "type": "boolean"
              },
              "trucks": {
                "type": "boolean"
              },
              "deliveries": {
                "type": "boolean"
              }
            }
          }
        }
      }
    },
    "throughRoute": {
      "type": "array",
      "items": {
        "properties": {
          "segmentAnchorIndex": {
            "type": "array",
            "items": {}
          }
        }
      }
    },
    "specialExplication": {
      "type": "array",
      "items": {
        "properties": {
          "segmentAnchorIndex": {
            "type": "array",
            "items": {}
          }
        }
      }
    },
    "supplementalGeometry": {
      "type": "array",
      "items": {
        "properties": {
          "segmentAnchorIndex": {
            "type": "array",
            "items": {}
          },
          "supplementalGeometryType": {
            "type": "array",
            "items": {}
          }
        }
      }
    },
    "speedLimit": {
      "type": "array",
      "items": {
        "properties": {
          "segmentAnchorIndex": {
            "type": "array",
            "items": {}
          },
          "source": {
            "type": "string"
          },
          "value": {
            "type": "number"
          }
        }
      }
    },
    "junctionDivider": {
      "type": "array",
      "items": {
        "properties": {
          "segmentAnchorIndex": {
            "type": "array",
            "items": {}
          }
        }
      }
    },
    "trafficMessageChannelCode": {
      "type": "array",
      "items": {
        "properties": {
          "segmentAnchorIndex": {
            "type": "array",
            "items": {}
          },
          "locationDisposition": {
            "type": "string"
          },
          "ebuCountryCode": {
            "type": "string"
          },
          "locationTableNumber": {
            "type": "number"
          },
          "locationCode": {
            "type": "number"
          }
        }
      }
    },
    "roadDivider": {
      "type": "array",
      "items": {
        "properties": {
          "segmentAnchorIndex": {
            "type": "array",
            "items": {}
          },
          "dividerType": {
            "type": "string"
          }
        }
      }
    },
    "accessRestriction": {
      "type": "array",
      "items": {
        "properties": {
          "segmentAnchorIndex": {
            "type": "array",
            "items": {}
          },
          "accessRestriction": {
            "type": "object",
            "properties": {
              "appliesDuring": {
                "type": "array",
                "items": {
                  "properties": {
                    "daysOfWeek": {
                      "type": "object",
                      "properties": {
                        "dayOfWeek": {
                          "type": "array",
                          "items": {}
                        }
                      }
                    },
                    "timeRange": {
                      "type": "object",
                      "properties": {
                        "endTimeOfDay": {
                          "type": "string"
                        },
                        "startTimeOfDay": {
                          "type": "string"
                        }
                      }
                    }
                  }
                }
              },
              "appliesTo": {
                "type": "object",
                "properties": {
                  "throughTraffic": {
                    "type": "boolean"
                  }
                }
              }
            }
          }
        }
      }
    },
    "laneCategory": {
      "type": "array",
      "items": {
        "properties": {
          "segmentAnchorIndex": {
            "type": "array",
            "items": {}
          },
          "laneCategory": {
            "type": "string"
          }
        }
      }
    },
    "partitionName": {
      "type": "string"
    },
    "urban": {
      "type": "array",
      "items": {
        "properties": {
          "segmentAnchorIndex": {
            "type": "array",
            "items": {}
          },
          "urban": {
            "type": "boolean"
          }
        }
      }
    },
    "throughLaneCount": {
      "type": "array",
      "items": {
        "properties": {
          "segmentAnchorIndex": {
            "type": "array",
            "items": {}
          },
          "laneCount": {
            "type": "number"
          }
        }
      }
    },
    "intersectionCategory": {
      "type": "array",
      "items": {
        "properties": {
          "segmentAnchorIndex": {
            "type": "array",
            "items": {}
          },
          "intersectionInternalCategory": {
            "type": "string"
          }
        }
      }
    },
    "gate": {
      "type": "array",
      "items": {
        "properties": {
          "segmentAnchorIndex": {
            "type": "array",
            "items": {}
          },
          "gateType": {
            "type": "string"
          }
        }
      }
    },
    "restrictedDrivingManoeuvre": {
      "type": "array",
      "items": {
        "properties": {
          "segmentAnchorIndex": {
            "type": "array",
            "items": {}
          },
          "restrictionType": {
            "type": "string"
          },
          "appliesTo": {
            "type": "object",
            "properties": {
              "emergencyVehicles": {
                "type": "boolean"
              }
            }
          }
        }
      }
    },
    "environmentalZoneCondition": {
      "type": "array",
      "items": {
        "properties": {
          "segmentAnchorIndex": {
            "type": "array",
            "items": {}
          },
          "environmentalZoneRef": {
            "type": "object",
            "properties": {
              "identifier": {
                "type": "string"
              },
              "partitionName": {
                "type": "string"
              }
            }
          },
          "appliesTo": {
            "type": "object",
            "properties": {
              "carpools": {
                "type": "boolean"
              },
              "buses": {
                "type": "boolean"
              },
              "taxis": {
                "type": "boolean"
              },
              "throughTraffic": {
                "type": "boolean"
              },
              "automobiles": {
                "type": "boolean"
              },
              "trucks": {
                "type": "boolean"
              },
              "deliveries": {
                "type": "boolean"
              }
            }
          }
        }
      }
    },
    "segmentAnchor": {
      "type": "array",
      "items": {
        "properties": {
          "attributeOrientation": {
            "type": "string"
          },
          "lastSegmentEndOffset": {
            "type": "number"
          },
          "orientedSegmentRef": {
            "type": "array",
            "items": {
              "properties": {
                "segmentRef": {
                  "type": "object",
                  "properties": {
                    "identifier": {
                      "type": "string"
                    },
                    "partitionName": {
                      "type": "string"
                    }
                  }
                }
              }
            }
          }
        }
      }
    }
  }
}