{
  "partitionName": "18541222",
  "parkingAreas": [
    {
      "identifier": "here:pf:parking-area:148774",
      "geometry": {
        "multiPolygon": {
          "polygon": [
            {
              "exteriorRing": {
                "point": [
                  {
                    "latitude": -0.21612,
                    "longitude": -78.51546
                  },
                  {
                    "latitude": -0.21607,
                    "longitude": -78.51546
                  },
                  {
                    "latitude": -0.21607,
                    "longitude": -78.51541
                  },
                  {
                    "latitude": -0.21612,
                    "longitude": -78.51541
                  },
                  {
                    "latitude": -0.21612,
                    "longitude": -78.51546
                  }
                ]
              }
            }
          ]
        }
      },
      "labelPoint": {
        "latitude": -0.216095,
        "longitude": -78.51543500000001
      }
    },
    {
      "identifier": "here:pf:parking-area:148775",
      "geometry": {
        "multiPolygon": {
          "polygon": [
            {
              "exteriorRing": {
                "point": [
                  {
                    "latitude": -0.22405,
                    "longitude": -78.51535
                  },
                  {
                    "latitude": -0.224,
                    "longitude": -78.51535
                  },
                  {
                    "latitude": -0.224,
                    "longitude": -78.51529
                  },
                  {
                    "latitude": -0.22405,
                    "longitude": -78.51529
                  },
                  {
                    "latitude": -0.22405,
                    "longitude": -78.51535
                  }
                ]
              }
            }
          ]
        }
      },
      "labelPoint": {
        "latitude": -0.224025,
        "longitude": -78.51531999999999
      }
    },
    {
      "identifier": "here:pf:parking-area:148776",
      "geometry": {
        "multiPolygon": {
          "polygon": [
            {
              "exteriorRing": {
                "point": [
                  {
                    "latitude": -0.2184,
                    "longitude": -78.5118
                  },
                  {
                    "latitude": -0.21835,
                    "longitude": -78.5118
                  },
                  {
                    "latitude": -0.21835,
                    "longitude": -78.51175
                  },
                  {
                    "latitude": -0.2184,
                    "longitude": -78.51175
                  },
                  {
                    "latitude": -0.2184,
                    "longitude": -78.5118
                  }
                ]
              }
            }
          ]
        }
      },
      "labelPoint": {
        "latitude": -0.218375,
        "longitude": -78.511775
      }
    },
    {
      "identifier": "here:pf:parking-area:148777",
      "geometry": {
        "multiPolygon": {
          "polygon": [
            {
              "exteriorRing": {
                "point": [
                  {
                    "latitude": -0.18701,
                    "longitude": -78.48726
                  },
                  {
                    "latitude": -0.18688,
                    "longitude": -78.48711
                  },
                  {
                    "latitude": -0.1872,
                    "longitude": -78.48683
                  },
                  {
                    "latitude": -0.1874,
                    "longitude": -78.48705
                  },
                  {
                    "latitude": -0.1872,
                    "longitude": -78.4873
                  },
                  {
                    "latitude": -0.18701,
                    "longitude": -78.48726
                  }
                ]
              }
            }
          ]
        }
      },
      "labelPoint": {
        "latitude": -0.18714868509525553,
        "longitude": -78.48708545262109
      }
    },
    {
      "identifier": "here:pf:parking-area:148787",
      "geometry": {
        "multiPolygon": {
          "polygon": [
            {
              "exteriorRing": {
                "point": [
                  {
                    "latitude": -0.20744,
                    "longitude": -78.49669
                  },
                  {
                    "latitude": -0.20755,
                    "longitude": -78.49676
                  },
                  {
                    "latitude": -0.20751,
                    "longitude": -78.49684
                  },
                  {
                    "latitude": -0.2074,
                    "longitude": -78.49676
                  },
                  {
                    "latitude": -0.20744,
                    "longitude": -78.49669
                  }
                ]
              }
            }
          ]
        }
      },
      "labelPoint": {
        "latitude": -0.20747577777777915,
        "longitude": -78.49676333333335
      }
    },
    {
      "identifier": "here:pf:parking-area:169117",
      "geometry": {
        "multiPolygon": {
          "polygon": [
            {
              "exteriorRing": {
                "point": [
                  {
                    "latitude": -0.22067,
                    "longitude": -78.5083
                  },
                  {
                    "latitude": -0.22061,
                    "longitude": -78.5083
                  },
                  {
                    "latitude": -0.22061,
                    "longitude": -78.50825
                  },
                  {
                    "latitude": -0.22067,
                    "longitude": -78.50825
                  },
                  {
                    "latitude": -0.22067,
                    "longitude": -78.5083
                  }
                ]
              }
            }
          ]
        }
      },
      "labelPoint": {
        "latitude": -0.22064,
        "longitude": -78.50827500000001
      }
    },
    {
      "identifier": "here:pf:parking-area:170474",
      "geometry": {
        "multiPolygon": {
          "polygon": [
            {
              "exteriorRing": {
                "point": [
                  {
                    "latitude": -0.21707,
                    "longitude": -78.50619
                  },
                  {
                    "latitude": -0.21693,
                    "longitude": -78.50577
                  },
                  {
                    "latitude": -0.21731,
                    "longitude": -78.50561
                  },
                  {
                    "latitude": -0.21753,
                    "longitude": -78.50586
                  },
                  {
                    "latitude": -0.21755,
                    "longitude": -78.50595
                  },
                  {
                    "latitude": -0.21707,
                    "longitude": -78.50619
                  }
                ]
              }
            }
          ]
        }
      },
      "labelPoint": {
        "latitude": -0.21722536398467376,
        "longitude": -78.50588661877394
      }
    },
    {
      "identifier": "here:pf:parking-area:170486",
      "geometry": {
        "multiPolygon": {
          "polygon": [
            {
              "exteriorRing": {
                "point": [
                  {
                    "latitude": -0.19707,
                    "longitude": -78.48812
                  },
                  {
                    "latitude": -0.19702,
                    "longitude": -78.48812
                  },
                  {
                    "latitude": -0.19702,
                    "longitude": -78.48806
                  },
                  {
                    "latitude": -0.19707,
                    "longitude": -78.48806
                  },
                  {
                    "latitude": -0.19707,
                    "longitude": -78.48812
                  }
                ]
              }
            }
          ]
        }
      },
      "labelPoint": {
        "latitude": -0.197045,
        "longitude": -78.48809
      }
    },
    {
      "identifier": "here:pf:parking-area:170496",
      "geometry": {
        "multiPolygon": {
          "polygon": [
            {
              "exteriorRing": {
                "point": [
                  {
                    "latitude": -0.20905,
                    "longitude": -78.50145
                  },
                  {
                    "latitude": -0.209,
                    "longitude": -78.50145
                  },
                  {
                    "latitude": -0.209,
                    "longitude": -78.5014
                  },
                  {
                    "latitude": -0.20905,
                    "longitude": -78.5014
                  },
                  {
                    "latitude": -0.20905,
                    "longitude": -78.50145
                  }
                ]
              }
            }
          ]
        }
      },
      "labelPoint": {
        "latitude": -0.20902500000000002,
        "longitude": -78.501425
      }
    },
    {
      "identifier": "here:pf:parking-area:172401",
      "geometry": {
        "multiPolygon": {
          "polygon": [
            {
              "exteriorRing": {
                "point": [
                  {
                    "latitude": -0.18088,
                    "longitude": -78.48773
                  },
                  {
                    "latitude": -0.18083,
                    "longitude": -78.48773
                  },
                  {
                    "latitude": -0.18083,
                    "longitude": -78.48768
                  },
                  {
                    "latitude": -0.18088,
                    "longitude": -78.48768
                  },
                  {
                    "latitude": -0.18088,
                    "longitude": -78.48773
                  }
                ]
              }
            }
          ]
        }
      },
      "labelPoint": {
        "latitude": -0.180855,
        "longitude": -78.487705
      }
    },
    {
      "identifier": "here:pf:parking-area:172402",
      "geometry": {
        "multiPolygon": {
          "polygon": [
            {
              "exteriorRing": {
                "point": [
                  {
                    "latitude": -0.18345,
                    "longitude": -78.5039
                  },
                  {
                    "latitude": -0.18333,
                    "longitude": -78.50376
                  },
                  {
                    "latitude": -0.18336,
                    "longitude": -78.50348
                  },
                  {
                    "latitude": -0.18388,
                    "longitude": -78.50353
                  },
                  {
                    "latitude": -0.18388,
                    "longitude": -78.50393
                  },
                  {
                    "latitude": -0.18345,
                    "longitude": -78.5039
                  }
                ]
              }
            }
          ]
        }
      },
      "labelPoint": {
        "latitude": -0.18361734167256633,
        "longitude": -78.50370439855244
      }
    },
    {
      "identifier": "here:pf:parking-area:172404",
      "geometry": {
        "multiPolygon": {
          "polygon": [
            {
              "exteriorRing": {
                "point": [
                  {
                    "latitude": -0.18526,
                    "longitude": -78.5052
                  },
                  {
                    "latitude": -0.1852,
                    "longitude": -78.5052
                  },
                  {
                    "latitude": -0.1852,
                    "longitude": -78.50514
                  },
                  {
                    "latitude": -0.18526,
                    "longitude": -78.50514
                  },
                  {
                    "latitude": -0.18526,
                    "longitude": -78.5052
                  }
                ]
              }
            }
          ]
        }
      },
      "labelPoint": {
        "latitude": -0.18523,
        "longitude": -78.50517
      }
    },
    {
      "identifier": "here:pf:parking-area:172410",
      "geometry": {
        "multiPolygon": {
          "polygon": [
            {
              "exteriorRing": {
                "point": [
                  {
                    "latitude": -0.18993,
                    "longitude": -78.48792
                  },
                  {
                    "latitude": -0.18824,
                    "longitude": -78.48764
                  },
                  {
                    "latitude": -0.18822,
                    "longitude": -78.48759
                  },
                  {
                    "latitude": -0.19018,
                    "longitude": -78.48679
                  },
                  {
                    "latitude": -0.19052,
                    "longitude": -78.48727
                  },
                  {
                    "latitude": -0.18993,
                    "longitude": -78.48792
                  }
                ]
              }
            }
          ]
        }
      },
      "labelPoint": {
        "latitude": -0.18957248816351552,
        "longitude": -78.48742123651154
      }
    },
    {
      "identifier": "here:pf:parking-area:172411",
      "geometry": {
        "multiPolygon": {
          "polygon": [
            {
              "exteriorRing": {
                "point": [
                  {
                    "latitude": -0.19339,
                    "longitude": -78.49023
                  },
                  {
                    "latitude": -0.19333,
                    "longitude": -78.49023
                  },
                  {
                    "latitude": -0.19333,
                    "longitude": -78.49018
                  },
                  {
                    "latitude": -0.19339,
                    "longitude": -78.49018
                  },
                  {
                    "latitude": -0.19339,
                    "longitude": -78.49023
                  }
                ]
              }
            }
          ]
        }
      },
      "labelPoint": {
        "latitude": -0.19335999999999998,
        "longitude": -78.490205
      }
    },
    {
      "identifier": "here:pf:parking-area:172413",
      "geometry": {
        "multiPolygon": {
          "polygon": [
            {
              "exteriorRing": {
                "point": [
                  {
                    "latitude": -0.19812,
                    "longitude": -78.48856
                  },
                  {
                    "latitude": -0.19806,
                    "longitude": -78.48856
                  },
                  {
                    "latitude": -0.19806,
                    "longitude": -78.48851
                  },
                  {
                    "latitude": -0.19812,
                    "longitude": -78.48851
                  },
                  {
                    "latitude": -0.19812,
                    "longitude": -78.48856
                  }
                ]
              }
            }
          ]
        }
      },
      "labelPoint": {
        "latitude": -0.19809,
        "longitude": -78.48853500000001
      }
    },
    {
      "identifier": "here:pf:parking-area:172414",
      "geometry": {
        "multiPolygon": {
          "polygon": [
            {
              "exteriorRing": {
                "point": [
                  {
                    "latitude": -0.20223,
                    "longitude": -78.48737
                  },
                  {
                    "latitude": -0.20218,
                    "longitude": -78.48737
                  },
                  {
                    "latitude": -0.20218,
                    "longitude": -78.48732
                  },
                  {
                    "latitude": -0.20223,
                    "longitude": -78.48732
                  },
                  {
                    "latitude": -0.20223,
                    "longitude": -78.48737
                  }
                ]
              }
            }
          ]
        }
      },
      "labelPoint": {
        "latitude": -0.20220499999999997,
        "longitude": -78.487345
      }
    },
    {
      "identifier": "here:pf:parking-area:172418",
      "geometry": {
        "multiPolygon": {
          "polygon": [
            {
              "exteriorRing": {
                "point": [
                  {
                    "latitude": -0.20317,
                    "longitude": -78.49075
                  },
                  {
                    "latitude": -0.20308,
                    "longitude": -78.49062
                  },
                  {
                    "latitude": -0.20315,
                    "longitude": -78.49056
                  },
                  {
                    "latitude": -0.20325,
                    "longitude": -78.49069
                  },
                  {
                    "latitude": -0.20317,
                    "longitude": -78.49075
                  }
                ]
              }
            }
          ]
        }
      },
      "labelPoint": {
        "latitude": -0.2031634088457389,
        "longitude": -78.49065571736786
      }
    },
    {
      "identifier": "here:pf:parking-area:172419",
      "geometry": {
        "multiPolygon": {
          "polygon": [
            {
              "exteriorRing": {
                "point": [
                  {
                    "latitude": -0.20705,
                    "longitude": -78.49702
                  },
                  {
                    "latitude": -0.20718,
                    "longitude": -78.49712
                  },
                  {
                    "latitude": -0.20714,
                    "longitude": -78.49717
                  },
                  {
                    "latitude": -0.20701,
                    "longitude": -78.49708
                  },
                  {
                    "latitude": -0.20705,
                    "longitude": -78.49702
                  }
                ]
              }
            }
          ]
        }
      },
      "labelPoint": {
        "latitude": -0.20709383561643957,
        "longitude": -78.49709639269408
      }
    },
    {
      "identifier": "here:pf:parking-area:172422",
      "geometry": {
        "multiPolygon": {
          "polygon": [
            {
              "exteriorRing": {
                "point": [
                  {
                    "latitude": -0.21276,
                    "longitude": -78.49314
                  },
                  {
                    "latitude": -0.2127,
                    "longitude": -78.49325
                  },
                  {
                    "latitude": -0.21277,
                    "longitude": -78.49381
                  },
                  {
                    "latitude": -0.21308,
                    "longitude": -78.49378
                  },
                  {
                    "latitude": -0.21303,
                    "longitude": -78.49407
                  },
                  {
                    "latitude": -0.21276,
                    "longitude": -78.49429
                  },
                  {
                    "latitude": -0.2127,
                    "longitude": -78.49424
                  },
                  {
                    "latitude": -0.21267,
                    "longitude": -78.49354
                  },
                  {
                    "latitude": -0.21255,
                    "longitude": -78.49355
                  },
                  {
                    "latitude": -0.21251,
                    "longitude": -78.49325
                  },
                  {
                    "latitude": -0.21269,
                    "longitude": -78.49303
                  },
                  {
                    "latitude": -0.21276,
                    "longitude": -78.49314
                  }
                ]
              }
            }
          ]
        }
      },
      "labelPoint": {
        "latitude": -0.21289999999999998,
        "longitude": -78.49398667264037
      }
    },
    {
      "identifier": "here:pf:parking-area:193644",
      "geometry": {
        "multiPolygon": {
          "polygon": [
            {
              "exteriorRing": {
                "point": [
                  {
                    "latitude": -0.1969,
                    "longitude": -78.48876
                  },
                  {
                    "latitude": -0.19673,
                    "longitude": -78.48886
                  },
                  {
                    "latitude": -0.1967,
                    "longitude": -78.48896
                  },
                  {
                    "latitude": -0.19643,
                    "longitude": -78.48889
                  },
                  {
                    "latitude": -0.19651,
                    "longitude": -78.48856
                  },
                  {
                    "latitude": -0.19687,
                    "longitude": -78.48835
                  },
                  {
                    "latitude": -0.19723,
                    "longitude": -78.48845
                  },
                  {
                    "latitude": -0.19712,
                    "longitude": -78.48882
                  },
                  {
                    "latitude": -0.1969,
                    "longitude": -78.48876
                  }
                ]
              }
            }
          ]
        }
      },
      "labelPoint": {
        "latitude": -0.19682157666894642,
        "longitude": -78.48863931191616
      }
    },
    {
      "identifier": "here:pf:parking-area:205498",
      "geometry": {
        "multiPolygon": {
          "polygon": [
            {
              "exteriorRing": {
                "point": [
                  {
                    "latitude": -0.19692,
                    "longitude": -78.48895
                  },
                  {
                    "latitude": -0.19687,
                    "longitude": -78.48895
                  },
                  {
                    "latitude": -0.19687,
                    "longitude": -78.4889
                  },
                  {
                    "latitude": -0.19692,
                    "longitude": -78.4889
                  },
                  {
                    "latitude": -0.19692,
                    "longitude": -78.48895
                  }
                ]
              }
            }
          ]
        }
      },
      "labelPoint": {
        "latitude": -0.19689500000000001,
        "longitude": -78.488925
      }
    },
    {
      "identifier": "here:pf:parking-area:319416",
      "geometry": {
        "multiPolygon": {
          "polygon": [
            {
              "exteriorRing": {
                "point": [
                  {
                    "latitude": -0.21365,
                    "longitude": -78.49086
                  },
                  {
                    "latitude": -0.21339,
                    "longitude": -78.49093
                  },
                  {
                    "latitude": -0.21316,
                    "longitude": -78.49093
                  },
                  {
                    "latitude": -0.21269,
                    "longitude": -78.49082
                  },
                  {
                    "latitude": -0.21275,
                    "longitude": -78.49056
                  },
                  {
                    "latitude": -0.21307,
                    "longitude": -78.49062
                  },
                  {
                    "latitude": -0.2134,
                    "longitude": -78.49064
                  },
                  {
                    "latitude": -0.21378,
                    "longitude": -78.49047
                  },
                  {
                    "latitude": -0.21411,
                    "longitude": -78.48996
                  },
                  {
                    "latitude": -0.21434,
                    "longitude": -78.49015
                  },
                  {
                    "latitude": -0.21393,
                    "longitude": -78.49069
                  },
                  {
                    "latitude": -0.21365,
                    "longitude": -78.49086
                  }
                ]
              }
            }
          ]
        }
      },
      "labelPoint": {
        "latitude": -0.21355746622606792,
        "longitude": -78.49058860368679
      }
    }
  ],
  "placeRefs": [
    {
      "partitionName": "18541222",
      "identifier": "here:pds:place:2186rbnv-aa8d6cea0b6e4744be4794aa59ff233f"
    },
    {
      "partitionName": "18541222",
      "identifier": "here:pds:place:218d408k-724cdd30a759026b2b25373a6717e697"
    },
    {
      "partitionName": "18541222",
      "identifier": "here:pds:place:218aabd1-6a152eed99d309ab0799a8c77260111b"
    },
    {
      "partitionName": "18541222",
      "identifier": "here:pds:place:2186rbnv-e0d301a9580a437486505f45cec90887"
    },
    {
      "partitionName": "18541222",
      "identifier": "here:pds:place:218jx7ps-24c5000cb864093fcc76e4e1f4c05706"
    },
    {
      "partitionName": "18541222",
      "identifier": "here:pds:place:2186rbnv-9fa2e4edb3d44e0caa16fe196c4e8753"
    },
    {
      "partitionName": "18541222",
      "identifier": "here:pds:place:218aabd1-2acb246a163804f527124e6105320255"
    },
    {
      "partitionName": "18541222",
      "identifier": "here:pds:place:2186rbnv-3596ec488f7e4bb3bd49596daf0abfc4"
    },
    {
      "partitionName": "18541222",
      "identifier": "here:pds:place:2186rbnv-4c61392a34bfd5be2b86051b842aaf4b"
    },
    {
      "partitionName": "18541222",
      "identifier": "here:pds:place:2186rbnv-52af092bd62d4bbea98561271b78e4b7"
    },
    {
      "partitionName": "18541222",
      "identifier": "here:pds:place:2186rbnv-8633f40c6fe74c06a7a005443cbb4826"
    },
    {
      "partitionName": "18541222",
      "identifier": "here:pds:place:218aabd1-a1d969e0bf0000ccb4de4fb6a5cdeda5"
    },
    {
      "partitionName": "18541222",
      "identifier": "here:pds:place:218d408k-36e4d22006ad01a247ca044c6a30ed25"
    },
    {
      "partitionName": "18541222",
      "identifier": "here:pds:place:218d408k-5406f893f6e30f43d7cb985ed796811b"
    },
    {
      "partitionName": "18541222",
      "identifier": "here:pds:place:218jx7ps-326bc7c46a9104897c174873435df742"
    },
    {
      "partitionName": "18541222",
      "identifier": "here:pds:place:218jx7ps-38aef78d6929050241cd8f2179350380"
    },
    {
      "partitionName": "18541222",
      "identifier": "here:pds:place:218jx7ps-6c5e5f4b000d0a3376d363a0b624e6aa"
    },
    {
      "partitionName": "18541222",
      "identifier": "here:pds:place:218jx7ps-79435b4f9d4f010647adda1793459ea1"
    },
    {
      "partitionName": "18541222",
      "identifier": "here:pds:place:218jx7ps-a1e0cef6227603c6c8fe4e5c59da88c2"
    },
    {
      "partitionName": "18541222",
      "identifier": "here:pds:place:218jx7ps-a9c2fcdc4b0d0d080f27b875c4c9149a"
    },
    {
      "partitionName": "18541222",
      "identifier": "here:pds:place:218jx7ps-acbbb2a388cc02df52e2b61fed1d9f89"
    },
    {
      "partitionName": "18541222",
      "identifier": "here:pds:place:218jx7ps-db3f24e685470aeffa3076cd0cd5ff6a"
    },
    {
      "partitionName": "18541222",
      "identifier": "here:pds:place:218jx7ps-edb3873e91fd06b63e2d180a7951c824"
    },
    {
      "partitionName": "18541222",
      "identifier": "here:pds:place:218jx7ps-ff28d99112870859a9fc97d2e697923f"
    },
    {
      "partitionName": "18541222",
      "identifier": "here:pds:place:2186rbnv-4e4db15472234b9896b29030e48e5d25"
    },
    {
      "partitionName": "18541222",
      "identifier": "here:pds:place:2186rbnv-f8b8d2cee99a4041a1ab2a7c808f5a4f"
    },
    {
      "partitionName": "18541222",
      "identifier": "here:pds:place:218d408k-f859cf1864340fed1f666f9282b0e067"
    },
    {
      "partitionName": "18541222",
      "identifier": "here:pds:place:218aabd1-d25a1b8ea2ca0512e2a0f03799f7c90a"
    },
    {
      "partitionName": "18541222",
      "identifier": "here:pds:place:218jx7ps-5d61e3a716be0a580a75dbeac24263ed"
    },
    {
      "partitionName": "18541222",
      "identifier": "here:pds:place:218jx7ps-9ecedf812ab90cb858d20cee85826f67"
    },
    {
      "partitionName": "18541222",
      "identifier": "here:pds:place:218jx7ps-a2d4da48c9140a65a257078b84ffafb3"
    },
    {
      "partitionName": "18541222",
      "identifier": "here:pds:place:2186rbnv-79a4feec7c0046be9d63660554d09fbd"
    },
    {
      "partitionName": "18541222",
      "identifier": "here:pds:place:218jx7ps-0ae9fb11fac90b2957383ffd413e589f"
    }
  ],
  "addressRefs": [
    {
      "partitionName": "18541222",
      "identifier": "here:cm:pointaddress:804821199"
    },
    {
      "partitionName": "18541222",
      "identifier": "here:cm:pointaddress:805037492"
    }
  ],
  "placesServedByParkingAreas": [
    {
      "confidenceScore": "MEDIUM_LOW"
    },
    {
      "placeRefIndex": 1,
      "confidenceScore": "MEDIUM_LOW"
    },
    {
      "placeRefIndex": 2,
      "parkingAreaRefIndex": 2,
      "confidenceScore": "MEDIUM_LOW"
    },
    {
      "placeRefIndex": 3,
      "parkingAreaRefIndex": 4,
      "confidenceScore": "MEDIUM"
    },
    {
      "placeRefIndex": 4,
      "parkingAreaRefIndex": 6,
      "confidenceScore": "MEDIUM_LOW"
    },
    {
      "placeRefIndex": 5,
      "parkingAreaRefIndex": 7,
      "confidenceScore": "MEDIUM_HIGH"
    },
    {
      "placeRefIndex": 6,
      "parkingAreaRefIndex": 7,
      "confidenceScore": "MEDIUM_HIGH"
    },
    {
      "placeRefIndex": 7,
      "parkingAreaRefIndex": 12,
      "confidenceScore": "MEDIUM_HIGH"
    },
    {
      "placeRefIndex": 8,
      "parkingAreaRefIndex": 12,
      "confidenceScore": "HIGH"
    },
    {
      "placeRefIndex": 9,
      "parkingAreaRefIndex": 12,
      "confidenceScore": "HIGH"
    },
    {
      "placeRefIndex": 10,
      "parkingAreaRefIndex": 12,
      "confidenceScore": "HIGH"
    },
    {
      "placeRefIndex": 11,
      "parkingAreaRefIndex": 12,
      "confidenceScore": "HIGH"
    },
    {
      "placeRefIndex": 12,
      "parkingAreaRefIndex": 12,
      "confidenceScore": "MEDIUM"
    },
    {
      "placeRefIndex": 13,
      "parkingAreaRefIndex": 12,
      "confidenceScore": "MEDIUM_LOW"
    },
    {
      "placeRefIndex": 14,
      "parkingAreaRefIndex": 12,
      "confidenceScore": "MEDIUM_LOW"
    },
    {
      "placeRefIndex": 15,
      "parkingAreaRefIndex": 12,
      "confidenceScore": "MEDIUM_LOW"
    },
    {
      "placeRefIndex": 16,
      "parkingAreaRefIndex": 12,
      "confidenceScore": "MEDIUM_HIGH"
    },
    {
      "placeRefIndex": 17,
      "parkingAreaRefIndex": 12,
      "confidenceScore": "MEDIUM_HIGH"
    },
    {
      "placeRefIndex": 18,
      "parkingAreaRefIndex": 12,
      "confidenceScore": "MEDIUM_HIGH"
    },
    {
      "placeRefIndex": 19,
      "parkingAreaRefIndex": 12,
      "confidenceScore": "MEDIUM_LOW"
    },
    {
      "placeRefIndex": 20,
      "parkingAreaRefIndex": 12,
      "confidenceScore": "MEDIUM_LOW"
    },
    {
      "placeRefIndex": 21,
      "parkingAreaRefIndex": 12,
      "confidenceScore": "MEDIUM_HIGH"
    },
    {
      "placeRefIndex": 22,
      "parkingAreaRefIndex": 12,
      "confidenceScore": "MEDIUM_LOW"
    },
    {
      "placeRefIndex": 23,
      "parkingAreaRefIndex": 12,
      "confidenceScore": "MEDIUM_LOW"
    },
    {
      "placeRefIndex": 24,
      "parkingAreaRefIndex": 16,
      "confidenceScore": "MEDIUM_LOW"
    },
    {
      "placeRefIndex": 25,
      "parkingAreaRefIndex": 16,
      "confidenceScore": "MEDIUM_LOW"
    },
    {
      "placeRefIndex": 26,
      "parkingAreaRefIndex": 16,
      "confidenceScore": "MEDIUM_LOW"
    },
    {
      "placeRefIndex": 27,
      "parkingAreaRefIndex": 17,
      "confidenceScore": "MEDIUM"
    },
    {
      "placeRefIndex": 28,
      "parkingAreaRefIndex": 17,
      "confidenceScore": "MEDIUM_LOW"
    },
    {
      "placeRefIndex": 29,
      "parkingAreaRefIndex": 17,
      "confidenceScore": "MEDIUM_LOW"
    },
    {
      "placeRefIndex": 30,
      "parkingAreaRefIndex": 17,
      "confidenceScore": "MEDIUM_HIGH"
    },
    {
      "placeRefIndex": 31,
      "parkingAreaRefIndex": 19,
      "confidenceScore": "MEDIUM_LOW"
    },
    {
      "placeRefIndex": 5,
      "parkingAreaRefIndex": 19,
      "confidenceScore": "MEDIUM_HIGH"
    },
    {
      "placeRefIndex": 6,
      "parkingAreaRefIndex": 19,
      "confidenceScore": "MEDIUM_LOW"
    },
    {
      "placeRefIndex": 5,
      "parkingAreaRefIndex": 20,
      "confidenceScore": "MEDIUM_HIGH"
    },
    {
      "placeRefIndex": 32,
      "parkingAreaRefIndex": 20,
      "confidenceScore": "MEDIUM_LOW"
    }
  ],
  "addressesAssociatedWithParkingAreas": [
    {
      "parkingAreaRefIndex": 16,
      "confidenceScore": "MEDIUM_LOW"
    },
    {
      "addressRefIndex": 1,
      "parkingAreaRefIndex": 17,
      "confidenceScore": "MEDIUM"
    }
  ]
}