{
  "title": "cartography_versioned",
  "description": "Auto generated JSON schema based on the 'cartography_versioned' file",
  "type": "object",
  "properties": {
    "partitionName": {
      "type": "string"
    },
    "location": {
      "type": "array",
      "items": {
        "properties": {
          "identifier": {
            "type": "string"
          },
          "locationType": {
            "type": "string"
          },
          "geometry": {
            "type": "object",
            "properties": {
              "multiPolygon": {
                "type": "object",
                "properties": {
                  "polygon": {
                    "type": "array",
                    "items": {
                      "properties": {
                        "exteriorRing": {
                          "type": "object",
                          "properties": {
                            "point": {
                              "type": "array",
                              "items": {
                                "properties": {
                                  "latitude": {
                                    "type": "number"
                                  },
                                  "longitude": {
                                    "type": "number"
                                  }
                                }
                              }
                            }
                          }
                        }
                      }
                    }
                  }
                }
              }
            }
          }
        }
      }
    },
    "place": {
      "type": "array",
      "items": {
        "properties": {
          "identifier": {
            "type": "string"
          },
          "locationRef": {
            "type": "object",
            "properties": {
              "identifier": {
                "type": "string"
              },
              "partitionName": {
                "type": "string"
              }
            }
          },
          "name": {
            "type": "array",
            "items": {
              "properties": {
                "nameType": {
                  "type": "string"
                },
                "text": {
                  "type": "object",
                  "properties": {
                    "language": {
                      "type": "string"
                    },
                    "value": {
                      "type": "string"
                    }
                  }
                },
                "representation": {
                  "type": "array",
                  "items": {
                    "properties": {
                      "representationType": {
                        "type": "string"
                      },
                      "representation": {
                        "type": "object",
                        "properties": {
                          "language": {
                            "type": "string"
                          },
                          "value": {
                            "type": "string"
                          }
                        }
                      }
                    }
                  }
                },
                "primary": {
                  "type": "boolean"
                }
              }
            }
          },
          "category": {
            "type": "array",
            "items": {
              "properties": {
                "identifier": {
                  "type": "string"
                },
                "partitionName": {
                  "type": "string"
                }
              }
            }
          }
        }
      }
    },
    "displayClass": {
      "type": "array",
      "items": {
        "properties": {
          "placeIndex": {
            "type": "array",
            "items": {}
          },
          "displayClass": {
            "type": "number"
          }
        }
      }
    }
  }
}