{
  "title": "distance-markers_versioned",
  "description": "Auto generated JSON schema based on the 'distance-markers_versioned' file",
  "type": "object",
  "properties": {
    "enhanced": {
      "type": "array",
      "items": {
        "properties": {
          "placeIndex": {
            "type": "array",
            "items": {}
          }
        }
      }
    },
    "directionOnSign": {
      "type": "array",
      "items": {
        "properties": {
          "placeIndex": {
            "type": "array",
            "items": {}
          }
        }
      }
    },
    "partitionName": {
      "type": "string"
    },
    "unitOfMeasure": {
      "type": "array",
      "items": {
        "properties": {
          "unitOfMeasure": {
            "type": "string"
          },
          "placeIndex": {
            "type": "array",
            "items": {}
          }
        }
      }
    },
    "location": {
      "type": "array",
      "items": {
        "properties": {
          "identifier": {
            "type": "string"
          },
          "segmentAnchorSide": {
            "type": "string"
          },
          "locationType": {
            "type": "string"
          },
          "geometry": {
            "type": "object",
            "properties": {
              "point": {
                "type": "object",
                "properties": {
                  "latitude": {
                    "type": "number"
                  },
                  "longitude": {
                    "type": "number"
                  }
                }
              }
            }
          },
          "segmentAnchor": {
            "type": "object",
            "properties": {
              "attributeOrientation": {
                "type": "string"
              },
              "firstSegmentStartOffset": {
                "type": "number"
              },
              "orientedSegmentRef": {
                "type": "array",
                "items": {
                  "properties": {
                    "segmentRef": {
                      "type": "object",
                      "properties": {
                        "identifier": {
                          "type": "string"
                        },
                        "partitionName": {
                          "type": "string"
                        }
                      }
                    }
                  }
                }
              }
            }
          }
        }
      }
    },
    "place": {
      "type": "array",
      "items": {
        "properties": {
          "identifier": {
            "type": "string"
          },
          "locationRef": {
            "type": "object",
            "properties": {
              "identifier": {
                "type": "string"
              },
              "partitionName": {
                "type": "string"
              }
            }
          },
          "name": {
            "type": "array",
            "items": {
              "properties": {
                "nameType": {
                  "type": "string"
                },
                "text": {
                  "type": "object",
                  "properties": {
                    "language": {
                      "type": "string"
                    },
                    "value": {
                      "type": "string"
                    }
                  }
                },
                "representation": {
                  "type": "array",
                  "items": {
                    "properties": {
                      "representationType": {
                        "type": "string"
                      },
                      "representation": {
                        "type": "object",
                        "properties": {
                          "language": {
                            "type": "string"
                          },
                          "value": {
                            "type": "string"
                          }
                        }
                      }
                    }
                  }
                }
              }
            }
          }
        }
      }
    }
  }
}