{
  "title": "lane-attributes_versioned",
  "description": "Auto generated JSON schema based on the 'lane-attributes_versioned' file",
  "type": "object",
  "properties": {
    "laneType": {
      "type": "array",
      "items": {
        "properties": {
          "laneType": {
            "type": "array",
            "items": {}
          },
          "laneIndex": {
            "type": "array",
            "items": {}
          }
        }
      }
    },
    "partitionName": {
      "type": "string"
    },
    "laneMarking": {
      "type": "array",
      "items": {
        "properties": {
          "laneDividerMarker": {
            "type": "string"
          },
          "centerDividerMarker": {
            "type": "string"
          },
          "laneIndex": {
            "type": "array",
            "items": {}
          }
        }
      }
    },
    "accessPermission": {
      "type": "array",
      "items": {
        "properties": {
          "laneAnchorIndex": {
            "type": "array",
            "items": {}
          },
          "accessPermission": {
            "type": "object",
            "properties": {
              "appliesDuring": {
                "type": "array",
                "items": {
                  "properties": {
                    "daysOfWeek": {
                      "type": "object",
                      "properties": {
                        "dayOfWeek": {
                          "type": "array",
                          "items": {}
                        }
                      }
                    },
                    "timeRange": {
                      "type": "object",
                      "properties": {
                        "endTimeOfDay": {
                          "type": "string"
                        },
                        "startTimeOfDay": {
                          "type": "string"
                        }
                      }
                    }
                  }
                }
              },
              "appliesTo": {
                "type": "object",
                "properties": {
                  "carpools": {
                    "type": "boolean"
                  },
                  "buses": {
                    "type": "boolean"
                  },
                  "taxis": {
                    "type": "boolean"
                  },
                  "throughTraffic": {
                    "type": "boolean"
                  },
                  "automobiles": {
                    "type": "boolean"
                  },
                  "emergencyVehicles": {
                    "type": "boolean"
                  },
                  "trucks": {
                    "type": "boolean"
                  },
                  "deliveries": {
                    "type": "boolean"
                  }
                }
              }
            }
          }
        }
      }
    },
    "laneFormingEnding": {
      "type": "array",
      "items": {
        "properties": {
          "laneFormingEnding": {
            "type": "string"
          },
          "laneIndex": {
            "type": "array",
            "items": {}
          }
        }
      }
    },
    "laneAnchor": {
      "type": "array",
      "items": {
        "properties": {
          "laneStrand": {
            "type": "array",
            "items": {
              "properties": {
                "laneRef": {
                  "type": "array",
                  "items": {
                    "properties": {
                      "identifier": {
                        "type": "string"
                      },
                      "partitionName": {
                        "type": "string"
                      }
                    }
                  }
                }
              }
            }
          }
        }
      }
    },
    "laneRestriction": {
      "type": "array",
      "items": {
        "properties": {
          "laneIndex": {
            "type": "array",
            "items": {}
          },
          "crossingRestriction": {
            "type": "string"
          }
        }
      }
    },
    "laneAccess": {
      "type": "array",
      "items": {
        "properties": {
          "laneIndex": {
            "type": "array",
            "items": {}
          },
          "appliesTo": {
            "type": "object",
            "properties": {
              "motorcycles": {
                "type": "boolean"
              }
            }
          }
        }
      }
    },
    "segmentAnchor": {
      "type": "array",
      "items": {
        "properties": {
          "attributeOrientation": {
            "type": "string"
          },
          "orientedSegmentRef": {
            "type": "array",
            "items": {
              "properties": {
                "segmentRef": {
                  "type": "object",
                  "properties": {
                    "identifier": {
                      "type": "string"
                    },
                    "partitionName": {
                      "type": "string"
                    }
                  }
                }
              }
            }
          }
        }
      }
    },
    "lane": {
      "type": "array",
      "items": {
        "properties": {
          "segmentAnchorIndex": {
            "type": "array",
            "items": {}
          },
          "identifier": {
            "type": "string"
          },
          "laneNumber": {
            "type": "number"
          }
        }
      }
    },
    "laneTraversal": {
      "type": "array",
      "items": {
        "properties": {
          "laneAnchorIndex": {
            "type": "array",
            "items": {}
          },
          "appliesTo": {
            "type": "object",
            "properties": {
              "motorcycles": {
                "type": "boolean"
              }
            }
          }
        }
      }
    },
    "accessRestriction": {
      "type": "array",
      "items": {
        "properties": {
          "laneAnchorIndex": {
            "type": "array",
            "items": {}
          },
          "accessRestriction": {
            "type": "object",
            "properties": {
              "appliesDuring": {
                "type": "array",
                "items": {
                  "properties": {
                    "daysOfWeek": {
                      "type": "object",
                      "properties": {
                        "dayOfWeek": {
                          "type": "array",
                          "items": {}
                        }
                      }
                    },
                    "timeRange": {
                      "type": "object",
                      "properties": {
                        "endTimeOfDay": {
                          "type": "string"
                        },
                        "startTimeOfDay": {
                          "type": "string"
                        }
                      }
                    }
                  }
                }
              },
              "appliesTo": {
                "type": "object",
                "properties": {
                  "carpools": {
                    "type": "boolean"
                  },
                  "taxis": {
                    "type": "boolean"
                  },
                  "throughTraffic": {
                    "type": "boolean"
                  },
                  "automobiles": {
                    "type": "boolean"
                  },
                  "trucks": {
                    "type": "boolean"
                  },
                  "deliveries": {
                    "type": "boolean"
                  }
                }
              }
            }
          }
        }
      }
    }
  }
}