{
  "title": "postal-area-boundaries_versioned",
  "description": "Auto generated JSON schema based on the 'postal-area-boundaries_versioned' file",
  "type": "object",
  "properties": {
    "partitionName": {
      "type": "string"
    },
    "placeCountryCodeAttribute": {
      "type": "array",
      "items": {
        "properties": {
          "placeIndex": {
            "type": "array",
            "items": {}
          },
          "isoCountryCode": {
            "type": "object",
            "properties": {
              "officialCountryCode": {
                "type": "string"
              }
            }
          }
        }
      }
    },
    "location": {
      "type": "array",
      "items": {
        "properties": {
          "identifier": {
            "type": "string"
          },
          "locationType": {
            "type": "string"
          },
          "geometry": {
            "type": "object",
            "properties": {
              "multiPolygon": {
                "type": "object",
                "properties": {
                  "polygon": {
                    "type": "array",
                    "items": {
                      "properties": {
                        "exteriorRing": {
                          "type": "object",
                          "properties": {
                            "point": {
                              "type": "array",
                              "items": {
                                "properties": {
                                  "latitude": {
                                    "type": "number"
                                  },
                                  "longitude": {
                                    "type": "number"
                                  }
                                }
                              }
                            }
                          }
                        }
                      }
                    }
                  }
                }
              }
            }
          },
          "displayPosition": {
            "type": "object",
            "properties": {
              "latitude": {
                "type": "number"
              },
              "longitude": {
                "type": "number"
              }
            }
          },
          "alternateGeometry": {
            "type": "array",
            "items": {
              "properties": {
                "areaType": {
                  "type": "string"
                },
                "geometry": {
                  "type": "object",
                  "properties": {
                    "multiPolygon": {
                      "type": "object",
                      "properties": {
                        "polygon": {
                          "type": "array",
                          "items": {
                            "properties": {
                              "exteriorRing": {
                                "type": "object",
                                "properties": {
                                  "point": {
                                    "type": "array",
                                    "items": {
                                      "properties": {
                                        "latitude": {
                                          "type": "number"
                                        },
                                        "longitude": {
                                          "type": "number"
                                        }
                                      }
                                    }
                                  }
                                }
                              }
                            }
                          }
                        }
                      }
                    }
                  }
                }
              }
            }
          }
        }
      }
    },
    "place": {
      "type": "array",
      "items": {
        "properties": {
          "identifier": {
            "type": "string"
          },
          "locationRef": {
            "type": "object",
            "properties": {
              "identifier": {
                "type": "string"
              },
              "partitionName": {
                "type": "string"
              }
            }
          },
          "name": {
            "type": "array",
            "items": {
              "properties": {
                "text": {
                  "type": "object",
                  "properties": {
                    "value": {
                      "type": "string"
                    }
                  }
                }
              }
            }
          },
          "category": {
            "type": "array",
            "items": {
              "properties": {
                "identifier": {
                  "type": "string"
                }
              }
            }
          }
        }
      }
    }
  }
}