{
  "title": "warning-locations_versioned",
  "description": "Auto generated JSON schema based on the 'warning-locations_versioned' file",
  "type": "object",
  "properties": {
    "partitionName": {
      "type": "string"
    },
    "safetyCamera": {
      "type": "array",
      "items": {
        "properties": {
          "placeIndex": {
            "type": "array",
            "items": {}
          },
          "fixtureStatus": {
            "type": "string"
          },
          "speedLimit": {
            "type": "object",
            "properties": {
              "speedLimitValue": {
                "type": "number"
              },
              "speedLimitUnit": {
                "type": "string"
              }
            }
          },
          "cameraType": {
            "type": "string"
          },
          "timestamp": {
            "type": "string"
          },
          "cameraViewDirection": {
            "type": "number"
          }
        }
      }
    },
    "location": {
      "type": "array",
      "items": {
        "properties": {
          "identifier": {
            "type": "string"
          },
          "segmentAnchorSide": {
            "type": "string"
          },
          "locationType": {
            "type": "string"
          },
          "geometry": {
            "type": "object",
            "properties": {
              "point": {
                "type": "object",
                "properties": {
                  "latitude": {
                    "type": "number"
                  },
                  "longitude": {
                    "type": "number"
                  }
                }
              }
            }
          },
          "segmentAnchor": {
            "type": "object",
            "properties": {
              "attributeOrientation": {
                "type": "string"
              },
              "orientedSegmentRef": {
                "type": "array",
                "items": {
                  "properties": {
                    "segmentRef": {
                      "type": "object",
                      "properties": {
                        "identifier": {
                          "type": "string"
                        },
                        "partitionName": {
                          "type": "string"
                        }
                      }
                    }
                  }
                }
              }
            }
          }
        }
      }
    },
    "place": {
      "type": "array",
      "items": {
        "properties": {
          "identifier": {
            "type": "string"
          },
          "locationRef": {
            "type": "object",
            "properties": {
              "identifier": {
                "type": "string"
              },
              "partitionName": {
                "type": "string"
              }
            }
          },
          "name": {
            "type": "array",
            "items": {
              "properties": {
                "text": {
                  "type": "object",
                  "properties": {
                    "language": {
                      "type": "string"
                    },
                    "value": {
                      "type": "string"
                    }
                  }
                },
                "primary": {
                  "type": "boolean"
                }
              }
            }
          }
        }
      }
    }
  }
}